{
  "Ansi 5 Color" : {
    "Red Component" : 0.64283657073974609,
    "Color Space" : "Calibrated",
    "Blue Component" : 0.61571133136749268,
    "Alpha Component" : 1,
    "Green Component" : 0.47487166523933411
  },
  "Tags" : [

  ],
  "Ansi 12 Color" : {
    "Red Component" : 0.43401443958282471,
    "Color Space" : "Calibrated",
    "Blue Component" : 0.70459425449371338,
    "Alpha Component" : 1,
    "Green Component" : 0.56080448627471924
  },
  "Custom Directory" : "No",
  "Ansi 7 Color" : {
    "Red Component" : 0.87367779016494751,
    "Color Space" : "Calibrated",
    "Blue Component" : 0.92620980739593506,
    "Alpha Component" : 1,
    "Green Component" : 0.8916594386100769
  },
  "Bold Color" : {
    "Red Component" : 0.90727746486663818,
    "Color Space" : "Calibrated",
    "Blue Component" : 0.94574689865112305,
    "Alpha Component" : 1,
    "Green Component" : 0.92092084884643555
  },
  "Ansi 8 Color" : {
    "Red Component" : 0.23306176066398621,
    "Color Space" : "Calibrated",
    "Blue Component" : 0.34064260125160217,
    "Alpha Component" : 1,
    "Green Component" : 0.2652154266834259
  },
  "Ansi 9 Color" : {
    "Red Component" : 0.68855589628219604,
    "Color Space" : "Calibrated",
    "Blue Component" : 0.34168937802314758,
    "Alpha Component" : 1,
    "Green Component" : 0.29435792565345764
  },
  "Ansi 3 Color" : {
    "Red Component" : 0.89902019500732422,
    "Color Space" : "Calibrated",
    "Blue Component" : 0.47280269861221313,
    "Alpha Component" : 1,
    "Green Component" : 0.75577855110168457
  },
  "Rows" : 25,
  "Default Bookmark" : "No",
  "Transparency" : 0,
  "Cursor Guide Color" : {
    "Red Component" : 0.17621420323848724,
    "Color Space" : "Calibrated",
    "Blue Component" : 0.25300124287605286,
    "Alpha Component" : 1,
    "Green Component" : 0.19692185521125793
  },
  "Non-ASCII Anti Aliased" : true,
  "Use Bright Bold" : true,
  "Ansi 10 Color" : {
    "Red Component" : 0.57605421543121338,
    "Color Space" : "Calibrated",
    "Blue Component" : 0.47597441077232361,
    "Alpha Component" : 1,
    "Green Component" : 0.7002110481262207
  },
  "Ambiguous Double Width" : false,
  "Jobs to Ignore" : [
    "rlogin",
    "ssh",
    "slogin",
    "telnet"
  ],
  "Ansi 15 Color" : {
    "Red Component" : 0.90727746486663818,
    "Color Space" : "Calibrated",
    "Blue Component" : 0.94574689865112305,
    "Alpha Component" : 1,
    "Green Component" : 0.92092084884643555
  },
  "Foreground Color" : {
    "Red Component" : 0.81214725971221924,
    "Color Space" : "Calibrated",
    "Blue Component" : 0.89225912094116211,
    "Alpha Component" : 1,
    "Green Component" : 0.83857882022857666
  },
  "Working Directory" : "\/Users\/mauro",
  "Blinking Cursor" : false,
  "Disable Window Resizing" : true,
  "Sync Title" : false,
  "Prompt Before Closing 2" : false,
  "BM Growl" : true,
  "Command" : "",
  "Description" : "Default",
  "Mouse Reporting" : true,
  "Screen" : -1,
  "Selection Color" : {
    "Red Component" : 0.23306176066398621,
    "Color Space" : "Calibrated",
    "Blue Component" : 0.34064260125160217,
    "Alpha Component" : 1,
    "Green Component" : 0.2652154266834259
  },
  "Columns" : 80,
  "Idle Code" : 0,
  "Ansi 13 Color" : {
    "Red Component" : 0.64283657073974609,
    "Color Space" : "Calibrated",
    "Blue Component" : 0.61571133136749268,
    "Alpha Component" : 1,
    "Green Component" : 0.47487166523933411
  },
  "Custom Command" : "No",
  "ASCII Anti Aliased" : true,
  "Non Ascii Font" : "Monaco 12",
  "Vertical Spacing" : 1,
  "Use Bold Font" : true,
  "Option Key Sends" : 0,
  "Selected Text Color" : {
    "Red Component" : 0.81214714050292969,
    "Color Space" : "Calibrated",
    "Blue Component" : 0.89225924015045166,
    "Alpha Component" : 1,
    "Green Component" : 0.83857882022857666
  },
  "Background Color" : {
    "Red Component" : 0.1357133686542511,
    "Color Space" : "Calibrated",
    "Blue Component" : 0.19183900952339172,
    "Alpha Component" : 1,
    "Green Component" : 0.15255947411060333
  },
  "Character Encoding" : 4,
  "Ansi 11 Color" : {
    "Red Component" : 0.89902019500732422,
    "Color Space" : "Calibrated",
    "Blue Component" : 0.47280269861221313,
    "Alpha Component" : 1,
    "Green Component" : 0.75577855110168457
  },
  "Use Italic Font" : true,
  "Unlimited Scrollback" : false,
  "Keyboard Map" : {
    "0xf700-0x260000" : {
      "Action" : 10,
      "Text" : "[1;6A"
    },
    "0x37-0x40000" : {
      "Action" : 11,
      "Text" : "0x1f"
    },
    "0x32-0x40000" : {
      "Action" : 11,
      "Text" : "0x00"
    },
    "0xf709-0x20000" : {
      "Action" : 10,
      "Text" : "[17;2~"
    },
    "0xf70c-0x20000" : {
      "Action" : 10,
      "Text" : "[20;2~"
    },
    "0xf729-0x20000" : {
      "Action" : 10,
      "Text" : "[1;2H"
    },
    "0xf72b-0x40000" : {
      "Action" : 10,
      "Text" : "[1;5F"
    },
    "0xf705-0x20000" : {
      "Action" : 10,
      "Text" : "[1;2Q"
    },
    "0xf703-0x260000" : {
      "Action" : 10,
      "Text" : "[1;6C"
    },
    "0xf700-0x220000" : {
      "Action" : 10,
      "Text" : "[1;2A"
    },
    "0xf701-0x280000" : {
      "Action" : 11,
      "Text" : "0x1b 0x1b 0x5b 0x42"
    },
    "0x38-0x40000" : {
      "Action" : 11,
      "Text" : "0x7f"
    },
    "0x33-0x40000" : {
      "Action" : 11,
      "Text" : "0x1b"
    },
    "0xf703-0x220000" : {
      "Action" : 10,
      "Text" : "[1;2C"
    },
    "0xf701-0x240000" : {
      "Action" : 10,
      "Text" : "[1;5B"
    },
    "0xf70d-0x20000" : {
      "Action" : 10,
      "Text" : "[21;2~"
    },
    "0xf702-0x260000" : {
      "Action" : 10,
      "Text" : "[1;6D"
    },
    "0xf729-0x40000" : {
      "Action" : 10,
      "Text" : "[1;5H"
    },
    "0xf706-0x20000" : {
      "Action" : 10,
      "Text" : "[1;2R"
    },
    "0x34-0x40000" : {
      "Action" : 11,
      "Text" : "0x1c"
    },
    "0xf700-0x280000" : {
      "Action" : 11,
      "Text" : "0x1b 0x1b 0x5b 0x41"
    },
    "0x2d-0x40000" : {
      "Action" : 11,
      "Text" : "0x1f"
    },
    "0xf70e-0x20000" : {
      "Action" : 10,
      "Text" : "[23;2~"
    },
    "0xf702-0x220000" : {
      "Action" : 10,
      "Text" : "[1;2D"
    },
    "0xf703-0x280000" : {
      "Action" : 11,
      "Text" : "0x1b 0x1b 0x5b 0x43"
    },
    "0xf700-0x240000" : {
      "Action" : 10,
      "Text" : "[1;5A"
    },
    "0xf707-0x20000" : {
      "Action" : 10,
      "Text" : "[1;2S"
    },
    "0xf70a-0x20000" : {
      "Action" : 10,
      "Text" : "[18;2~"
    },
    "0x35-0x40000" : {
      "Action" : 11,
      "Text" : "0x1d"
    },
    "0xf70f-0x20000" : {
      "Action" : 10,
      "Text" : "[24;2~"
    },
    "0xf703-0x240000" : {
      "Action" : 10,
      "Text" : "[1;5C"
    },
    "0xf701-0x260000" : {
      "Action" : 10,
      "Text" : "[1;6B"
    },
    "0xf702-0x280000" : {
      "Action" : 11,
      "Text" : "0x1b 0x1b 0x5b 0x44"
    },
    "0xf72b-0x20000" : {
      "Action" : 10,
      "Text" : "[1;2F"
    },
    "0x36-0x40000" : {
      "Action" : 11,
      "Text" : "0x1e"
    },
    "0xf708-0x20000" : {
      "Action" : 10,
      "Text" : "[15;2~"
    },
    "0xf701-0x220000" : {
      "Action" : 10,
      "Text" : "[1;2B"
    },
    "0xf70b-0x20000" : {
      "Action" : 10,
      "Text" : "[19;2~"
    },
    "0xf702-0x240000" : {
      "Action" : 10,
      "Text" : "[1;5D"
    },
    "0xf704-0x20000" : {
      "Action" : 10,
      "Text" : "[1;2P"
    }
  },
  "Window Type" : 0,
  "Initial Text" : "tmux attach || tmux new -s λ",
  "Background Image Location" : "",
  "Blur" : false,
  "Badge Color" : {
    "Red Component" : 0.20252507925033569,
    "Color Space" : "Calibrated",
    "Blue Component" : 0.29600727558135986,
    "Alpha Component" : 0.7057952880859375,
    "Green Component" : 0.23046499490737915
  },
  "Scrollback Lines" : 1000,
  "Send Code When Idle" : false,
  "Close Sessions On End" : true,
  "Terminal Type" : "xterm-256color",